-- phpMyAdmin SQL Dump
-- version 5.2.1
-- https://www.phpmyadmin.net/
--
-- Host: 127.0.0.1
-- Generation Time: Dec 10, 2025 at 05:54 PM
-- Server version: 10.4.32-MariaDB
-- PHP Version: 8.2.12

SET SQL_MODE = "NO_AUTO_VALUE_ON_ZERO";
START TRANSACTION;
SET time_zone = "+00:00";


/*!40101 SET @OLD_CHARACTER_SET_CLIENT=@@CHARACTER_SET_CLIENT */;
/*!40101 SET @OLD_CHARACTER_SET_RESULTS=@@CHARACTER_SET_RESULTS */;
/*!40101 SET @OLD_COLLATION_CONNECTION=@@COLLATION_CONNECTION */;
/*!40101 SET NAMES utf8mb4 */;

--
-- Database: `kvk_project`
--

-- --------------------------------------------------------

--
-- Table structure for table `admin_users`
--

CREATE TABLE `admin_users` (
  `id` int(11) NOT NULL,
  `name` varchar(100) DEFAULT NULL,
  `email` varchar(100) DEFAULT NULL,
  `password` varchar(255) DEFAULT NULL,
  `role` varchar(20) DEFAULT 'admin',
  `created_at` timestamp NOT NULL DEFAULT current_timestamp(),
  `createdAt` timestamp NOT NULL DEFAULT current_timestamp()
) ENGINE=InnoDB DEFAULT CHARSET=utf8mb4 COLLATE=utf8mb4_general_ci;

--
-- Dumping data for table `admin_users`
--

INSERT INTO `admin_users` (`id`, `name`, `email`, `password`, `role`, `created_at`, `createdAt`) VALUES
(1, 'superadmin', 'admin@kvk.com', '$2a$10$S3ql7LzeRgF3q9MEoaqefeK8jy/vW4uBgwgtgTCzn7MVu/rS5b/oy', 'admin', '2025-12-02 15:54:55', '2025-12-02 15:54:55');

-- --------------------------------------------------------

--
-- Table structure for table `brands`
--

CREATE TABLE `brands` (
  `id` int(11) NOT NULL,
  `brand_name` varchar(255) NOT NULL,
  `created_at` timestamp NOT NULL DEFAULT current_timestamp(),
  `image` varchar(255) DEFAULT NULL
) ENGINE=InnoDB DEFAULT CHARSET=utf8mb4 COLLATE=utf8mb4_general_ci;

--
-- Dumping data for table `brands`
--

INSERT INTO `brands` (`id`, `brand_name`, `created_at`, `image`) VALUES
(1, 'Corteva Roots', '2025-12-02 19:33:53', NULL),
(2, 'UPL', '2025-12-05 17:39:54', NULL),
(3, 'nuziveedu', '2025-12-05 17:43:51', NULL);

-- --------------------------------------------------------

--
-- Table structure for table `cart`
--

CREATE TABLE `cart` (
  `id` int(11) NOT NULL,
  `customerId` int(11) NOT NULL,
  `productId` int(11) NOT NULL,
  `title` varchar(255) DEFAULT NULL,
  `price` decimal(10,2) DEFAULT NULL,
  `quantity` int(11) DEFAULT 1,
  `image` varchar(255) DEFAULT NULL,
  `addedAt` timestamp NOT NULL DEFAULT current_timestamp()
) ENGINE=InnoDB DEFAULT CHARSET=utf8mb4 COLLATE=utf8mb4_general_ci;

--
-- Dumping data for table `cart`
--

INSERT INTO `cart` (`id`, `customerId`, `productId`, `title`, `price`, `quantity`, `image`, `addedAt`) VALUES
(1, 1, 6, 'Kharif Crops', 340.00, 6, '/uploads/1762184328518_kharif-crops.png', '2025-12-06 10:59:38');

-- --------------------------------------------------------

--
-- Table structure for table `categories`
--

CREATE TABLE `categories` (
  `id` int(11) NOT NULL,
  `name` varchar(100) NOT NULL,
  `image` varchar(255) NOT NULL,
  `created_at` datetime DEFAULT current_timestamp()
) ENGINE=InnoDB DEFAULT CHARSET=utf8mb4 COLLATE=utf8mb4_general_ci;

--
-- Dumping data for table `categories`
--

INSERT INTO `categories` (`id`, `name`, `image`, `created_at`) VALUES
(1, 'Kharif Crops', '/uploads/1762183817801_kharif-crops.png', '2025-11-03 21:00:17'),
(2, 'Rabi Crops', '/uploads/1762183833894_Rabi-crops.png', '2025-11-03 21:00:33'),
(3, 'Vegetable Seeds', '/uploads/1762183853067_vegetable.png', '2025-11-03 21:00:53'),
(4, 'Fertilizers', '/uploads/1762183871889_2.png', '2025-11-03 21:01:11'),
(5, 'Pesticides', '/uploads/1762183888846_pesticides.png', '2025-11-03 21:01:28'),
(6, 'Sprayers', '/uploads/1762183911154_IMG-20241024-WA0025.jpg', '2025-11-03 21:01:51'),
(7, 'Pipes', '/uploads/1762183959457_pipes.png', '2025-11-03 21:02:39'),
(8, 'Pumps and Machineries', '/uploads/1762183977053_pumps.jpeg', '2025-11-03 21:02:57'),
(9, 'Hardware Products', '/uploads/1762184019713_hardware.png', '2025-11-03 21:03:39'),
(10, 'Cements', '/uploads/1765125519473_building.webp', '2025-12-07 22:08:39');

-- --------------------------------------------------------

--
-- Table structure for table `customers`
--

CREATE TABLE `customers` (
  `id` int(11) NOT NULL,
  `customerName` varchar(100) NOT NULL,
  `email` varchar(150) NOT NULL,
  `mobile` varchar(15) NOT NULL,
  `address` varchar(255) NOT NULL,
  `city` varchar(100) NOT NULL,
  `state` varchar(100) NOT NULL,
  `pincode` varchar(10) NOT NULL,
  `password` varchar(255) NOT NULL,
  `createdAt` datetime DEFAULT current_timestamp(),
  `profileImage` varchar(255) DEFAULT NULL
) ENGINE=InnoDB DEFAULT CHARSET=utf8mb4 COLLATE=utf8mb4_general_ci;

--
-- Dumping data for table `customers`
--

INSERT INTO `customers` (`id`, `customerName`, `email`, `mobile`, `address`, `city`, `state`, `pincode`, `password`, `createdAt`, `profileImage`) VALUES
(1, 'John Doe', 'customer@example.com', '', '', '', '', '', '$2a$10$sEa5Q0O8k3zYR6IdRISv8OMN6TNf0Uw/prQqWstZUhtexo.Wo1nfO', '2025-12-02 22:00:46', NULL),
(2, 'Farhan', 'farhan@kvk.com', '', '', '', '', '', '$2a$10$nWEZR5GWOeOy1gHg.jHgn.Z1R6eRcjZjqpRMyJ0at5RGUGQ01MDnq', '2025-12-06 16:19:04', NULL);

-- --------------------------------------------------------

--
-- Table structure for table `orders`
--

CREATE TABLE `orders` (
  `id` int(11) NOT NULL,
  `customerId` int(11) NOT NULL,
  `orderDate` datetime NOT NULL DEFAULT current_timestamp(),
  `totalCost` decimal(10,2) NOT NULL,
  `paymentMethod` varchar(50) DEFAULT NULL,
  `paymentStatus` enum('Pending','Paid','Failed','Refunded') DEFAULT 'Pending',
  `status` enum('Pending','Processing','Shipped','Delivered','Cancelled') DEFAULT 'Pending',
  `remarks` text DEFAULT NULL,
  `createdAt` timestamp NOT NULL DEFAULT current_timestamp(),
  `updatedAt` timestamp NOT NULL DEFAULT current_timestamp() ON UPDATE current_timestamp()
) ENGINE=InnoDB DEFAULT CHARSET=utf8mb4 COLLATE=utf8mb4_general_ci;

--
-- Dumping data for table `orders`
--

INSERT INTO `orders` (`id`, `customerId`, `orderDate`, `totalCost`, `paymentMethod`, `paymentStatus`, `status`, `remarks`, `createdAt`, `updatedAt`) VALUES
(1, 1, '2025-12-03 00:56:14', 1250.50, 'Credit Card', 'Paid', 'Processing', 'First test order', '2025-12-02 19:26:14', '2025-12-02 19:32:51'),
(8, 1, '2025-12-05 21:51:17', 1200.00, NULL, NULL, 'Pending', '', '2025-12-05 16:21:17', '2025-12-05 16:21:17'),
(9, 1, '2025-12-05 21:54:40', 780.00, 'UPI', 'Pending', 'Pending', 'wefwfwe', '2025-12-05 16:24:40', '2025-12-05 16:24:40'),
(10, 1, '2025-12-05 21:55:40', 340.00, 'Cash', 'Pending', 'Pending', 'dwefwf', '2025-12-05 16:25:40', '2025-12-05 16:25:40'),
(11, 1, '2025-12-05 21:56:22', 2500.00, NULL, NULL, 'Pending', '', '2025-12-05 16:26:22', '2025-12-05 16:26:22'),
(12, 1, '2025-12-05 21:57:09', 120.00, NULL, NULL, 'Pending', '', '2025-12-05 16:27:09', '2025-12-05 16:27:09'),
(13, 1, '2025-12-05 22:00:30', 450.00, 'Cash', 'Pending', 'Pending', 'efwf', '2025-12-05 16:30:30', '2025-12-05 16:30:30'),
(14, 1, '2025-12-05 22:08:40', 780.00, 'Cash', 'Pending', 'Pending', 'wefwfe', '2025-12-05 16:38:40', '2025-12-05 16:38:40'),
(15, 1, '2025-12-05 22:10:48', 1200.00, 'UPI', 'Pending', 'Pending', 'efwef', '2025-12-05 16:40:48', '2025-12-05 16:40:48'),
(16, 1, '2025-12-05 22:18:25', 450.00, 'UPI', 'Pending', 'Pending', 'fewfwef', '2025-12-05 16:48:25', '2025-12-05 16:48:25'),
(17, 1, '2025-12-05 22:38:55', 1200.00, NULL, NULL, 'Pending', '', '2025-12-05 17:08:55', '2025-12-05 17:08:55'),
(18, 1, '2025-12-05 22:40:40', 1200.00, NULL, NULL, 'Pending', '', '2025-12-05 17:10:40', '2025-12-05 17:10:40'),
(19, 1, '2025-12-05 22:44:21', 450.00, NULL, NULL, 'Pending', '', '2025-12-05 17:14:21', '2025-12-05 17:14:21'),
(20, 1, '2025-12-05 22:46:13', 450.00, NULL, NULL, 'Pending', '', '2025-12-05 17:16:13', '2025-12-05 17:16:13'),
(21, 1, '2025-12-05 22:47:58', 450.00, NULL, NULL, 'Pending', '', '2025-12-05 17:17:58', '2025-12-05 17:17:58'),
(22, 1, '2025-12-05 22:50:37', 450.00, NULL, NULL, 'Pending', '', '2025-12-05 17:20:37', '2025-12-05 17:20:37'),
(23, 1, '2025-12-05 22:53:07', 450.00, NULL, NULL, 'Pending', '', '2025-12-05 17:23:07', '2025-12-05 17:23:07'),
(24, 1, '2025-12-05 22:54:00', 450.00, NULL, NULL, 'Pending', '', '2025-12-05 17:24:00', '2025-12-05 17:24:00'),
(25, 1, '2025-12-05 22:55:56', 50.00, 'Cash', 'Paid', 'Pending', 'ferfeer', '2025-12-05 17:25:56', '2025-12-05 17:25:56'),
(26, 1, '2025-12-05 22:57:57', 450.00, 'Cash', 'Paid', 'Pending', 'qd32r3', '2025-12-05 17:27:57', '2025-12-05 17:27:57'),
(27, 1, '2025-12-06 16:47:00', 2040.00, 'cod', '', 'Pending', '', '2025-12-06 11:17:00', '2025-12-06 11:17:00'),
(28, 1, '2025-12-06 16:47:07', 2040.00, 'cod', '', 'Pending', 'qde', '2025-12-06 11:17:07', '2025-12-06 11:17:07'),
(29, 2, '2025-12-07 19:27:19', 6500.00, 'Cash', 'Pending', 'Pending', 'efwef', '2025-12-07 13:57:19', '2025-12-07 13:57:19'),
(30, 2, '2025-12-07 19:32:34', 6500.00, 'Cash', 'Pending', 'Pending', 'efwef', '2025-12-07 14:02:34', '2025-12-07 14:02:34'),
(31, 2, '2025-12-07 19:39:05', 6500.00, 'Cash', 'Pending', 'Pending', 'efwef', '2025-12-07 14:09:05', '2025-12-07 14:09:05'),
(32, 2, '2025-12-07 19:40:45', 6500.00, 'Cash', 'Pending', 'Pending', 'test after restart', '2025-12-07 14:10:45', '2025-12-07 14:10:45'),
(33, 2, '2025-12-07 19:43:32', 1200.00, 'Cash', 'Pending', 'Pending', 'qwd32r', '2025-12-07 14:13:32', '2025-12-07 14:13:32'),
(34, 2, '2025-12-07 19:49:49', 1200.00, 'Cash', 'Pending', 'Pending', 'qwd32r', '2025-12-07 14:19:49', '2025-12-07 14:19:49'),
(35, 2, '2025-12-07 19:50:30', 780.00, 'Cash', 'Pending', 'Pending', 'efr2', '2025-12-07 14:20:30', '2025-12-07 14:20:30'),
(36, 2, '2025-12-07 19:52:06', 50.00, 'Card', 'Paid', 'Pending', '32r23', '2025-12-07 14:22:06', '2025-12-07 14:22:06'),
(37, 2, '2025-12-07 19:54:14', 50.00, 'Card', 'Paid', 'Pending', '32r23', '2025-12-07 14:24:14', '2025-12-07 14:24:14'),
(38, 2, '2025-12-07 19:56:26', 50.00, 'Cash', 'Failed', 'Pending', 'e32r2', '2025-12-07 14:26:26', '2025-12-07 14:26:26'),
(39, 2, '2025-12-07 19:58:37', 1200.00, 'Cash', 'Paid', 'Processing', 'rr2', '2025-12-07 14:28:37', '2025-12-07 14:28:37'),
(40, 2, '2025-12-07 20:01:03', 1200.00, 'Cash', 'Paid', 'Processing', 'rr2', '2025-12-07 14:31:03', '2025-12-07 14:31:03'),
(41, 2, '2025-12-07 20:01:46', 1200.00, 'Cash', 'Paid', 'Processing', 'qeq', '2025-12-07 14:31:46', '2025-12-07 14:31:46'),
(42, 1, '2025-12-07 20:03:50', 50.00, 'Cash', 'Failed', 'Pending', '', '2025-12-07 14:33:50', '2025-12-07 14:33:50'),
(43, 2, '2025-12-07 20:06:35', 1600.00, 'UPI', 'Failed', 'Shipped', '32223r', '2025-12-07 14:36:35', '2025-12-07 14:36:35'),
(44, 2, '2025-12-07 20:08:22', 1600.00, 'UPI', 'Failed', 'Shipped', '32223r', '2025-12-07 14:38:22', '2025-12-07 14:38:22'),
(45, 2, '2025-12-07 20:10:03', 1600.00, 'UPI', 'Failed', 'Shipped', '32223r', '2025-12-07 14:40:03', '2025-12-07 14:40:03'),
(46, 2, '2025-12-07 20:12:28', 1600.00, 'UPI', 'Failed', 'Shipped', '32223r', '2025-12-07 14:42:28', '2025-12-07 14:42:28'),
(47, 2, '2025-12-07 20:13:46', 340.00, 'cod', '', '', '', '2025-12-07 14:43:46', '2025-12-07 14:50:56'),
(48, 2, '2025-12-07 20:39:04', 680.00, 'cod', '', 'Shipped', '', '2025-12-07 15:09:04', '2025-12-07 15:09:32'),
(49, 2, '2025-12-07 20:40:29', 5100.00, 'UPI', 'Failed', 'Processing', '', '2025-12-07 15:10:29', '2025-12-07 15:10:29'),
(50, 2, '2025-12-07 22:01:05', 320.00, 'cod', '', 'Shipped', '', '2025-12-07 16:31:05', '2025-12-07 16:46:14'),
(51, 2, '2025-12-07 22:17:08', 340.00, 'Cash', 'Paid', 'Processing', 'REY``', '2025-12-07 16:47:08', '2025-12-07 16:47:08'),
(52, 2, '2025-12-09 01:24:47', 1970.00, 'cod', '', 'Pending', '', '2025-12-08 19:54:47', '2025-12-08 19:54:47'),
(53, 2, '2025-12-09 19:35:27', 780.00, 'cod', '', 'Pending', '', '2025-12-09 14:05:27', '2025-12-09 14:05:27');

-- --------------------------------------------------------

--
-- Table structure for table `order_items`
--

CREATE TABLE `order_items` (
  `id` int(11) NOT NULL,
  `orderId` int(11) NOT NULL,
  `product_id` int(11) NOT NULL,
  `quantity` int(11) DEFAULT 1,
  `description` varchar(255) DEFAULT NULL,
  `amount` decimal(10,2) NOT NULL,
  `createdAt` timestamp NOT NULL DEFAULT current_timestamp()
) ENGINE=InnoDB DEFAULT CHARSET=utf8mb4 COLLATE=utf8mb4_general_ci;

--
-- Dumping data for table `order_items`
--

INSERT INTO `order_items` (`id`, `orderId`, `product_id`, `quantity`, `description`, `amount`, `createdAt`) VALUES
(2, 33, 1, 1, 'Manual test', 100.00, '2025-12-07 14:17:13'),
(5, 20, 9, 1, 'Runtime Test', 50.00, '2025-12-07 14:34:56'),
(6, 46, 2, 1, 'DAP', 1600.00, '2025-12-07 14:42:28'),
(7, 47, 6, 1, 'Kharif Crops', 340.00, '2025-12-07 14:43:46'),
(8, 48, 6, 2, 'Kharif Crops', 680.00, '2025-12-07 15:09:04'),
(9, 49, 6, 15, 'Kharif Crops', 5100.00, '2025-12-07 15:10:29'),
(10, 50, 12, 1, 'trhrhrth', 320.00, '2025-12-07 16:31:05'),
(11, 51, 6, 1, 'Kharif Crops', 340.00, '2025-12-07 16:47:08'),
(12, 52, 10, 1, '15 19 rinch ', 50.00, '2025-12-08 19:54:47'),
(13, 52, 12, 6, 'trhrhrth', 1920.00, '2025-12-08 19:54:47'),
(14, 53, 8, 1, 'Sprayers', 780.00, '2025-12-09 14:05:27');

-- --------------------------------------------------------

--
-- Table structure for table `products`
--

CREATE TABLE `products` (
  `id` int(11) NOT NULL,
  `title` varchar(255) NOT NULL,
  `brand` varchar(100) DEFAULT NULL,
  `description` text DEFAULT NULL,
  `category_id` int(11) DEFAULT NULL,
  `oldPrice` decimal(10,2) DEFAULT NULL,
  `price` decimal(10,2) DEFAULT NULL,
  `stock` int(11) DEFAULT 0,
  `status` enum('active','inactive') DEFAULT 'active',
  `images` longtext CHARACTER SET utf8mb4 COLLATE utf8mb4_bin DEFAULT NULL CHECK (json_valid(`images`)),
  `size` varchar(50) DEFAULT NULL,
  `weight` varchar(50) DEFAULT NULL,
  `type` varchar(50) DEFAULT NULL,
  `mfg` varchar(100) DEFAULT NULL,
  `tags` varchar(255) DEFAULT NULL,
  `life` varchar(50) DEFAULT NULL,
  `is_daily_deal` tinyint(1) DEFAULT 0,
  `daily_deal_price` decimal(10,2) DEFAULT NULL,
  `daily_deal_end` datetime DEFAULT NULL,
  `createdAt` datetime DEFAULT current_timestamp(),
  `is_popular` tinyint(1) DEFAULT 0
) ENGINE=InnoDB DEFAULT CHARSET=utf8mb4 COLLATE=utf8mb4_general_ci;

--
-- Dumping data for table `products`
--

INSERT INTO `products` (`id`, `title`, `brand`, `description`, `category_id`, `oldPrice`, `price`, `stock`, `status`, `images`, `size`, `weight`, `type`, `mfg`, `tags`, `life`, `is_daily_deal`, `daily_deal_price`, `daily_deal_end`, `createdAt`, `is_popular`) VALUES
(1, 'Pumps 0.5 HP', 'LUBI', 'Lubi pump 0.5 HP', 8, 7500.00, 6500.00, 50, '', '[\"/uploads/1762184072085_pumps.png\"]', NULL, NULL, NULL, NULL, NULL, NULL, 1, 6550.00, NULL, '2025-11-03 21:04:32', 1),
(2, 'DAP', 'INDO RAMA', 'Dap 45 kg indo rama', 4, 1500.00, 1600.00, 500, '', '[\"/uploads/1762184119188_dap.jpeg\"]', NULL, NULL, NULL, NULL, NULL, NULL, 1, 1550.00, NULL, '2025-11-03 21:05:19', 1),
(3, 'Urea', 'Bharat urea', 'Bharat Urea 45 kg slim', 4, 450.00, 420.00, 500, '', '[\"/uploads/1762184176728_images.jpeg\"]', NULL, NULL, NULL, NULL, NULL, NULL, 1, 400.00, NULL, '2025-11-03 21:06:16', 1),
(4, 'Pesticide', 'UPL', 'UPL Insecticides', 5, 150.00, 120.00, 50, '', '[\"/uploads/1762184214056_pesticides.png\"]', NULL, NULL, NULL, NULL, NULL, NULL, 1, 100.00, NULL, '2025-11-03 21:06:54', 1),
(5, 'Rabi Crops', 'JK Seeds', 'JK Wheat 20 kg HYbrid Wheat', 2, 2000.00, 2500.00, 50, '', '[\"/uploads/1762184276735_Rabi-crops.png\"]', NULL, NULL, NULL, NULL, NULL, NULL, 1, 2550.00, NULL, '2025-11-03 21:07:56', 1),
(6, 'Kharif Crops', 'Bayer Seeds', 'Bayer 6444 Gold 1 kg', 1, 350.00, 340.00, 1000, '', '[\"/uploads/1762184328518_kharif-crops.png\"]', NULL, NULL, NULL, NULL, NULL, NULL, 1, 300.00, NULL, '2025-11-03 21:08:48', 1),
(7, 'Tomato seeds', 'Nuziveedu Seeds', 'Tomato 10 g Nuziveedu Hybrid', 3, 400.00, 450.00, 800, '', '[\"/uploads/1762184372095_vegetable.png\"]', NULL, NULL, NULL, NULL, NULL, NULL, 1, 430.00, NULL, '2025-11-03 21:09:32', 1),
(8, 'Sprayers', 'UNknown', 'Sprayers 7.5 litre', 6, 800.00, 780.00, 50, '', '[\"/uploads/1762184445219_IMG-20241024-WA0029.jpg\"]', NULL, NULL, NULL, NULL, NULL, NULL, 1, 749.00, NULL, '2025-11-03 21:10:45', 1),
(9, 'Pipes', 'Balaji Pipes', 'Blaji Pipes white 6 kg 100 ft 2\" ', 7, 1000.00, 1200.00, 500, '', '[\"/uploads/1762184497006_IMG-20241024-WA0052.jpg\"]', NULL, NULL, NULL, NULL, NULL, NULL, 1, 1050.00, NULL, '2025-11-03 21:11:37', 1),
(10, '15 19 rinch ', 'Unknown', '15 - 19 rinch for all', 9, 70.00, 50.00, 50, '', '[\"/uploads/1762184555585_hardware.png\"]', NULL, NULL, NULL, NULL, NULL, NULL, 1, 80.00, NULL, '2025-11-03 21:12:35', 1),
(11, 'ftdtrydr', 'rdydryd', 'ydr', 8, 5000.00, 7000.00, 20, '', '[\"/uploads/1765120056565_IMG-20241024-WA0017.jpg\"]', NULL, NULL, NULL, NULL, NULL, NULL, 0, NULL, NULL, '2025-12-07 20:37:36', 1),
(12, 'trhrhrth', 'rthrthrt', 'hrthrth', 1, 300.00, 320.00, 500, '', '[\"/uploads/1765124965421_IMG-20241024-WA0055.jpg\"]', NULL, NULL, NULL, NULL, NULL, NULL, 0, NULL, NULL, '2025-12-07 21:59:25', 1),
(13, 'BEANS SEEDS', 'HAPL SEEDS', '100G hYBRID ', 3, 250.00, 200.00, 500, '', '[\"/uploads/1765125662727_IMG-20241024-WA0060.jpg\",\"/uploads/1765125662732_IMG-20241024-WA0027.jpg\"]', NULL, NULL, NULL, NULL, NULL, NULL, 1, 180.00, NULL, '2025-12-07 22:11:02', 1),
(14, 'ewffffffff', 'wfeeeeeeee', 'wefwefwef', 4, 1500.00, 2000.00, 500, '', '[\"/uploads/1765209474161_fertilizers.webp\"]', NULL, NULL, NULL, NULL, NULL, NULL, 0, NULL, NULL, '2025-12-08 21:27:54', 1),
(15, 'qwdqdewf', 'wefwefwefwe', 'wefiwufwefwfew', 4, 2000.00, 1800.00, 500, '', '[\"/uploads/1765219274677_dap.jpeg\"]', NULL, NULL, NULL, NULL, NULL, NULL, 1, 1600.00, NULL, '2025-12-09 00:11:14', 1);

-- --------------------------------------------------------

--
-- Table structure for table `users`
--

CREATE TABLE `users` (
  `id` int(11) NOT NULL,
  `name` varchar(100) NOT NULL,
  `email` varchar(100) NOT NULL,
  `password` varchar(255) NOT NULL,
  `mobile` varchar(20) DEFAULT NULL,
  `role` enum('admin','vendor','customer') DEFAULT 'customer',
  `state` varchar(100) DEFAULT NULL,
  `city` varchar(100) DEFAULT NULL,
  `address` text DEFAULT NULL,
  `pincode` varchar(10) DEFAULT NULL,
  `createdAt` datetime DEFAULT current_timestamp()
) ENGINE=InnoDB DEFAULT CHARSET=utf8mb4 COLLATE=utf8mb4_general_ci;

--
-- Dumping data for table `users`
--

INSERT INTO `users` (`id`, `name`, `email`, `password`, `mobile`, `role`, `state`, `city`, `address`, `pincode`, `createdAt`) VALUES
(1, 'Super Admin', 'admin@kvk.com', '$2a$10$lTmcrTF63fm21yn3Pd.af.nBjTuP8S.soT3zx8YItJUhD2NOp.IDe', NULL, 'admin', NULL, NULL, NULL, NULL, '2025-11-03 20:58:17'),
(2, 'MD FARHAN', 'farhan@kvk.com', '$2a$10$IW2choDhRNkR4lh6lb9GDu5pJT1xInNfEOR16JgK/zYZNGDYilItW', '07488210403', 'customer', 'Jharkhand', 'Latehar', 'Tilaiyatand Near Jama Masjid', '829203', '2025-11-03 21:49:59');

-- --------------------------------------------------------

--
-- Table structure for table `wishlist`
--

CREATE TABLE `wishlist` (
  `id` int(11) NOT NULL,
  `user_id` int(11) NOT NULL,
  `product_id` int(11) NOT NULL,
  `created_at` timestamp NOT NULL DEFAULT current_timestamp()
) ENGINE=InnoDB DEFAULT CHARSET=utf8mb4 COLLATE=utf8mb4_general_ci;

--
-- Dumping data for table `wishlist`
--

INSERT INTO `wishlist` (`id`, `user_id`, `product_id`, `created_at`) VALUES
(5, 1, 5, '2025-12-06 11:53:28'),
(7, 2, 6, '2025-12-07 15:41:31'),
(8, 2, 5, '2025-12-07 15:43:36'),
(9, 2, 7, '2025-12-07 15:45:07');

--
-- Indexes for dumped tables
--

--
-- Indexes for table `admin_users`
--
ALTER TABLE `admin_users`
  ADD PRIMARY KEY (`id`),
  ADD UNIQUE KEY `email` (`email`);

--
-- Indexes for table `brands`
--
ALTER TABLE `brands`
  ADD PRIMARY KEY (`id`);

--
-- Indexes for table `cart`
--
ALTER TABLE `cart`
  ADD PRIMARY KEY (`id`),
  ADD UNIQUE KEY `unique_customer_product` (`customerId`,`productId`),
  ADD UNIQUE KEY `uniq_cart` (`customerId`,`productId`),
  ADD UNIQUE KEY `uniq_cart_customer_product` (`customerId`,`productId`),
  ADD KEY `productId` (`productId`),
  ADD KEY `customerId` (`customerId`),
  ADD KEY `idx_customerId` (`customerId`);

--
-- Indexes for table `categories`
--
ALTER TABLE `categories`
  ADD PRIMARY KEY (`id`);

--
-- Indexes for table `customers`
--
ALTER TABLE `customers`
  ADD PRIMARY KEY (`id`),
  ADD UNIQUE KEY `email` (`email`);

--
-- Indexes for table `orders`
--
ALTER TABLE `orders`
  ADD PRIMARY KEY (`id`),
  ADD KEY `customerId` (`customerId`);

--
-- Indexes for table `order_items`
--
ALTER TABLE `order_items`
  ADD PRIMARY KEY (`id`),
  ADD KEY `fk_order_items_order` (`orderId`),
  ADD KEY `fk_order_items_product` (`product_id`);

--
-- Indexes for table `products`
--
ALTER TABLE `products`
  ADD PRIMARY KEY (`id`),
  ADD KEY `category_id` (`category_id`);

--
-- Indexes for table `users`
--
ALTER TABLE `users`
  ADD PRIMARY KEY (`id`),
  ADD UNIQUE KEY `email` (`email`);

--
-- Indexes for table `wishlist`
--
ALTER TABLE `wishlist`
  ADD PRIMARY KEY (`id`),
  ADD KEY `user_id` (`user_id`),
  ADD KEY `product_id` (`product_id`);

--
-- AUTO_INCREMENT for dumped tables
--

--
-- AUTO_INCREMENT for table `admin_users`
--
ALTER TABLE `admin_users`
  MODIFY `id` int(11) NOT NULL AUTO_INCREMENT, AUTO_INCREMENT=2;

--
-- AUTO_INCREMENT for table `brands`
--
ALTER TABLE `brands`
  MODIFY `id` int(11) NOT NULL AUTO_INCREMENT, AUTO_INCREMENT=4;

--
-- AUTO_INCREMENT for table `cart`
--
ALTER TABLE `cart`
  MODIFY `id` int(11) NOT NULL AUTO_INCREMENT, AUTO_INCREMENT=24;

--
-- AUTO_INCREMENT for table `categories`
--
ALTER TABLE `categories`
  MODIFY `id` int(11) NOT NULL AUTO_INCREMENT, AUTO_INCREMENT=11;

--
-- AUTO_INCREMENT for table `customers`
--
ALTER TABLE `customers`
  MODIFY `id` int(11) NOT NULL AUTO_INCREMENT, AUTO_INCREMENT=3;

--
-- AUTO_INCREMENT for table `orders`
--
ALTER TABLE `orders`
  MODIFY `id` int(11) NOT NULL AUTO_INCREMENT, AUTO_INCREMENT=54;

--
-- AUTO_INCREMENT for table `order_items`
--
ALTER TABLE `order_items`
  MODIFY `id` int(11) NOT NULL AUTO_INCREMENT, AUTO_INCREMENT=15;

--
-- AUTO_INCREMENT for table `products`
--
ALTER TABLE `products`
  MODIFY `id` int(11) NOT NULL AUTO_INCREMENT, AUTO_INCREMENT=16;

--
-- AUTO_INCREMENT for table `users`
--
ALTER TABLE `users`
  MODIFY `id` int(11) NOT NULL AUTO_INCREMENT, AUTO_INCREMENT=3;

--
-- AUTO_INCREMENT for table `wishlist`
--
ALTER TABLE `wishlist`
  MODIFY `id` int(11) NOT NULL AUTO_INCREMENT, AUTO_INCREMENT=12;

--
-- Constraints for dumped tables
--

--
-- Constraints for table `cart`
--
ALTER TABLE `cart`
  ADD CONSTRAINT `cart_ibfk_1` FOREIGN KEY (`customerId`) REFERENCES `customers` (`id`) ON DELETE CASCADE,
  ADD CONSTRAINT `cart_ibfk_2` FOREIGN KEY (`productId`) REFERENCES `products` (`id`) ON DELETE CASCADE;

--
-- Constraints for table `orders`
--
ALTER TABLE `orders`
  ADD CONSTRAINT `fk_orders_customer` FOREIGN KEY (`customerId`) REFERENCES `customers` (`id`) ON DELETE CASCADE,
  ADD CONSTRAINT `orders_ibfk_1` FOREIGN KEY (`customerId`) REFERENCES `users` (`id`) ON DELETE CASCADE;

--
-- Constraints for table `order_items`
--
ALTER TABLE `order_items`
  ADD CONSTRAINT `fk_order_items_order` FOREIGN KEY (`orderId`) REFERENCES `orders` (`id`) ON DELETE CASCADE,
  ADD CONSTRAINT `fk_order_items_product` FOREIGN KEY (`product_id`) REFERENCES `products` (`id`) ON DELETE CASCADE;

--
-- Constraints for table `products`
--
ALTER TABLE `products`
  ADD CONSTRAINT `products_ibfk_1` FOREIGN KEY (`category_id`) REFERENCES `categories` (`id`) ON DELETE SET NULL;

--
-- Constraints for table `wishlist`
--
ALTER TABLE `wishlist`
  ADD CONSTRAINT `wishlist_ibfk_1` FOREIGN KEY (`user_id`) REFERENCES `customers` (`id`) ON DELETE CASCADE,
  ADD CONSTRAINT `wishlist_ibfk_2` FOREIGN KEY (`product_id`) REFERENCES `products` (`id`) ON DELETE CASCADE;
COMMIT;

/*!40101 SET CHARACTER_SET_CLIENT=@OLD_CHARACTER_SET_CLIENT */;
/*!40101 SET CHARACTER_SET_RESULTS=@OLD_CHARACTER_SET_RESULTS */;
/*!40101 SET COLLATION_CONNECTION=@OLD_COLLATION_CONNECTION */;
